src	relation	dst	note	since
DOC-1	refs	A-1.5.1	auto:refs	v1.0
DOC-1	refs	C-1.3.5	auto:refs	v1.0
DOC-1	refs	C-1.3.6	auto:refs	v1.0
DOC-1	refs	Cd-1.1.4	auto:refs	v1.0
DOC-1	refs	Cd-1.5.3	auto:refs	v1.0
DOC-1	refs	Cd-1.6.2	auto:refs	v1.0
DOC-1	refs	D-1.1.1	auto:refs	v1.0
DOC-1	refs	D-1.1.3	auto:refs	v1.0
DOC-1	refs	D-1.2.1	auto:refs	v1.0
DOC-1	refs	D-1.2.2	auto:refs	v1.0
DOC-1	refs	D-1.2.4	auto:refs	v1.0
DOC-1	refs	D-1.2.5	auto:refs	v1.0
DOC-1	refs	D-1.2.7	auto:refs	v1.0
DOC-1	refs	E-1.2.12	auto:refs	v1.0
DOC-1	refs	E-1.6.1	auto:refs	v1.0
DOC-1	refs	Ex-1.8.1	auto:refs	v1.0
DOC-1	refs	P-1.1.2	auto:refs	v1.0
DOC-1	refs	P-1.2.3	auto:refs	v1.0
DOC-1	refs	P-1.2.8	auto:refs	v1.0
DOC-1	refs	P-1.2.9	auto:refs	v1.0
DOC-1	refs	P-1.2.10	auto:refs	v1.0
DOC-1	refs	P-1.2.14	auto:refs	v1.0
DOC-1	refs	P-1.3.1	auto:refs	v1.0
DOC-1	refs	P-1.3.2	auto:refs	v1.0
DOC-1	refs	P-1.4.1	auto:refs	v1.0
DOC-1	refs	Pf-1.1.2	auto:refs	v1.0
DOC-1	refs	Pf-1.2.3	auto:refs	v1.0
DOC-1	refs	Pf-1.2.6	auto:refs	v1.0
DOC-1	refs	Pf-1.2.8	auto:refs	v1.0
DOC-1	refs	Pf-1.2.9	auto:refs	v1.0
DOC-1	refs	Pf-1.2.10	auto:refs	v1.0
DOC-1	refs	Pf-1.2.14	auto:refs	v1.0
DOC-1	refs	Pf-1.3.1	auto:refs	v1.0
DOC-1	refs	Pf-1.3.2	auto:refs	v1.0
DOC-1	refs	Pf-1.3.4	auto:refs	v1.0
DOC-1	refs	Pf-1.3.5	auto:refs	v1.0
DOC-1	refs	Pf-1.4.1	auto:refs	v1.0
DOC-1	refs	R-1.2.11	auto:refs	v1.0
DOC-1	refs	R-1.2.13	auto:refs	v1.0
DOC-1	refs	R-1.3.3	auto:refs	v1.0
DOC-1	refs	R-1.3.7	auto:refs	v1.0
DOC-1	refs	R-1.3.8	auto:refs	v1.0
DOC-1	refs	R-1.4.2	auto:refs	v1.0
DOC-1	refs	R-1.5.2	auto:refs	v1.0
DOC-1	refs	R-1.6.3	auto:refs	v1.0
DOC-1	refs	R-1.7.1	auto:refs	v1.0
DOC-1	refs	R-1.7.2	auto:refs	v1.0
DOC-1	refs	R-1.7.3	auto:refs	v1.0
DOC-1	refs	T-1.2.6	auto:refs	v1.0
DOC-1	refs	T-1.3.4	auto:refs	v1.0
DOC-1	requires	DOC-PY2	auto:requires(outline)	v1.0
DOC-1	requires	DOC-PY5	auto:requires(outline)	v1.0
DOC-2	refs	D-2.1.1	auto:refs	v1.0
DOC-2	refs	D-2.2.1	auto:refs	v1.0
DOC-2	refs	D-2.2.2	auto:refs	v1.0
DOC-2	refs	D-2.2.3	auto:refs	v1.0
DOC-2	refs	D-2.3.1	auto:refs	v1.0
DOC-2	refs	D-2.4.1	auto:refs	v1.0
DOC-2	refs	E-2.5.1	auto:refs	v1.0
DOC-2	refs	Ex-2.6.2	auto:refs	v1.0
DOC-2	refs	Pf-2.2.2	auto:refs	v1.0
DOC-2	refs	R-2.1.2	auto:refs	v1.0
DOC-2	refs	R-2.2.4	auto:refs	v1.0
DOC-2	refs	R-2.3.2	auto:refs	v1.0
DOC-2	refs	R-2.4.2	auto:refs	v1.0
DOC-2	refs	R-2.5.2	auto:refs	v1.0
DOC-2	refs	R-2.6.1	auto:refs	v1.0
DOC-2	refs	T-1.3.4	auto:refs	v1.0
DOC-2	requires	DOC-PY4	auto:requires(outline)	v1.0
DOC-3	corresponds	N-03	auto:corresponds(mention)	v1.0
DOC-3	corresponds	N-04	auto:corresponds(mention)	v1.0
DOC-3	corresponds	N-05	auto:corresponds(mention)	v1.0
DOC-3	refs	D-1.1.3	auto:refs	v1.0
DOC-3	refs	D-1.2.1	auto:refs	v1.0
DOC-3	refs	D-3.1.1	auto:refs	v1.0
DOC-3	refs	D-3.1.3	auto:refs	v1.0
DOC-3	refs	D-3.2.1	auto:refs	v1.0
DOC-3	refs	D-3.2.2	auto:refs	v1.0
DOC-3	refs	D-3.3.1	auto:refs	v1.0
DOC-3	refs	D-3.4.1	auto:refs	v1.0
DOC-3	refs	D-3.4.2	auto:refs	v1.0
DOC-3	refs	D-3.4.3	auto:refs	v1.0
DOC-3	refs	D-3.5.1	auto:refs	v1.0
DOC-3	refs	Ex-3.7.2	auto:refs	v1.0
DOC-3	refs	Pf-3.1.2	auto:refs	v1.0
DOC-3	refs	R-3.1.2	auto:refs	v1.0
DOC-3	refs	R-3.2.3	auto:refs	v1.0
DOC-3	refs	R-3.3.2	auto:refs	v1.0
DOC-3	refs	R-3.4.4	auto:refs	v1.0
DOC-3	refs	R-3.5.2	auto:refs	v1.0
DOC-3	refs	R-3.5.3	auto:refs	v1.0
DOC-3	refs	R-3.6.1	auto:refs	v1.0
DOC-3	refs	R-3.6.2	auto:refs	v1.0
DOC-3	refs	R-3.7.1	auto:refs	v1.0
DOC-3	requires	DOC-PY4	auto:requires(outline)	v1.0
DOC-4	corresponds	N-07	auto:corresponds(mention)	v1.0
DOC-4	refs	A-4.3.1	auto:refs	v1.0
DOC-4	refs	D-1.2.4	auto:refs	v1.0
DOC-4	refs	D-4.1.2	auto:refs	v1.0
DOC-4	refs	E-4.7.1	auto:refs	v1.0
DOC-4	refs	Ex-4.8.2	auto:refs	v1.0
DOC-4	refs	R-1.7.2	auto:refs	v1.0
DOC-4	refs	R-4.1.1	auto:refs	v1.0
DOC-4	refs	R-4.2.1	auto:refs	v1.0
DOC-4	refs	R-4.3.2	auto:refs	v1.0
DOC-4	refs	R-4.3.3	auto:refs	v1.0
DOC-4	refs	R-4.4.1	auto:refs	v1.0
DOC-4	refs	R-4.4.2	auto:refs	v1.0
DOC-4	refs	R-4.4.3	auto:refs	v1.0
DOC-4	refs	R-4.5.1	auto:refs	v1.0
DOC-4	refs	R-4.6.1	auto:refs	v1.0
DOC-4	refs	R-4.7.2	auto:refs	v1.0
DOC-4	refs	R-4.8.1	auto:refs	v1.0
DOC-4	requires	DOC-PY1	auto:requires(outline)	v1.0
DOC-5	corresponds	N-04	auto:corresponds(mention)	v1.0
DOC-5	corresponds	N-06	auto:corresponds(mention)	v1.0
DOC-5	corresponds	N-08	auto:corresponds(mention)	v1.0
DOC-5	refs	D-1.2.4	auto:refs	v1.0
DOC-5	refs	D-5.1.1	auto:refs	v1.0
DOC-5	refs	D-5.2.1	auto:refs	v1.0
DOC-5	refs	D-5.2.2	auto:refs	v1.0
DOC-5	refs	D-5.2.3	auto:refs	v1.0
DOC-5	refs	D-5.3.1	auto:refs	v1.0
DOC-5	refs	D-5.4.2	auto:refs	v1.0
DOC-5	refs	D-5.5.1	auto:refs	v1.0
DOC-5	refs	D-5.6.1	auto:refs	v1.0
DOC-5	refs	D-5.6.2	auto:refs	v1.0
DOC-5	refs	D-5.7.1	auto:refs	v1.0
DOC-5	refs	E-5.8.1	auto:refs	v1.0
DOC-5	refs	Ex-5.9.2	auto:refs	v1.0
DOC-5	refs	R-1.3.8	auto:refs	v1.0
DOC-5	refs	R-1.7.2	auto:refs	v1.0
DOC-5	refs	R-2.1.2	auto:refs	v1.0
DOC-5	refs	R-5.1.2	auto:refs	v1.0
DOC-5	refs	R-5.2.4	auto:refs	v1.0
DOC-5	refs	R-5.3.2	auto:refs	v1.0
DOC-5	refs	R-5.4.1	auto:refs	v1.0
DOC-5	refs	R-5.4.3	auto:refs	v1.0
DOC-5	refs	R-5.7.2	auto:refs	v1.0
DOC-5	refs	R-5.7.3	auto:refs	v1.0
DOC-5	refs	R-5.9.1	auto:refs	v1.0
DOC-5	requires	DOC-PY2	auto:requires(outline)	v1.0
DOC-5	requires	DOC-PY5	auto:requires(outline)	v1.0
DOC-6	corresponds	N-05	auto:corresponds(mention)	v1.0
DOC-6	corresponds	N-08	auto:corresponds(mention)	v1.0
DOC-6	refs	D-2.4.1	auto:refs	v1.0
DOC-6	refs	D-6.3.1	auto:refs	v1.0
DOC-6	refs	D-6.4.1	auto:refs	v1.0
DOC-6	refs	D-6.4.2	auto:refs	v1.0
DOC-6	refs	E-6.7.1	auto:refs	v1.0
DOC-6	refs	Ex-6.8.2	auto:refs	v1.0
DOC-6	refs	P-6.1.2	auto:refs	v1.0
DOC-6	refs	P-LORA.3.1	auto:refs	v1.0
DOC-6	refs	Pf-6.1.2	auto:refs	v1.0
DOC-6	refs	Pf-6.3.2	auto:refs	v1.0
DOC-6	refs	R-6.1.1	auto:refs	v1.0
DOC-6	refs	R-6.2.1	auto:refs	v1.0
DOC-6	refs	R-6.2.2	auto:refs	v1.0
DOC-6	refs	R-6.2.3	auto:refs	v1.0
DOC-6	refs	R-6.2.4	auto:refs	v1.0
DOC-6	refs	R-6.3.2	auto:refs	v1.0
DOC-6	refs	R-6.4.3	auto:refs	v1.0
DOC-6	refs	R-6.5.1	auto:refs	v1.0
DOC-6	refs	R-6.6.1	auto:refs	v1.0
DOC-6	refs	R-6.8.1	auto:refs	v1.0
DOC-6	refs	T-1.3.4	auto:refs	v1.0
DOC-6	requires	DOC-PY4	auto:requires(outline)	v1.0
DOC-BRIDGE	corresponds	F-b08-tool_agent	auto:corresponds(dir)	v1.0
DOC-BRIDGE	refs	Cd-BRIDGE.2.1	auto:refs	v1.0
DOC-BRIDGE	refs	E-BRIDGE.3.1	auto:refs	v1.0
DOC-BRIDGE	refs	E-BRIDGE.4.1	auto:refs	v1.0
DOC-BRIDGE	refs	R-BRIDGE.1.1	auto:refs	v1.0
DOC-BRIDGE	refs	R-BRIDGE.5.1	auto:refs	v1.0
DOC-DS	corresponds	F-ds-prepare_tiny	auto:corresponds(dir)	v1.0
DOC-DS	refs	R-DS.1.1	auto:refs	v1.0
DOC-DS	refs	R-DS.2.1	auto:refs	v1.0
DOC-DS	refs	R-DS.3.1	auto:refs	v1.0
DOC-DS	refs	R-DS.4.1	auto:refs	v1.0
DOC-DS	refs	R-DS.5.1	auto:refs	v1.0
DOC-DS	refs	R-DS.6.1	auto:refs	v1.0
DOC-LORA	corresponds	F-b05-finetune_lora	auto:corresponds(dir)	v1.0
DOC-LORA	corresponds	F-b05-lora	auto:corresponds(dir)	v1.0
DOC-LORA	corresponds	F-b05-peft_lora	auto:corresponds(dir)	v1.0
DOC-LORA	corresponds	F-b05-qlora_bnb	auto:corresponds(dir)	v1.0
DOC-LORA	corresponds	N-12	auto:corresponds(dir)	v1.0
DOC-LORA	refs	Cd-LORA.3.2	auto:refs	v1.0
DOC-LORA	refs	Cd-LORA.4.1	auto:refs	v1.0
DOC-LORA	refs	Cd-LORA.5.6	auto:refs	v1.0
DOC-LORA	refs	D-LORA.2.2	auto:refs	v1.0
DOC-LORA	refs	D-LORA.5.1	auto:refs	v1.0
DOC-LORA	refs	D-LORA.5.2	auto:refs	v1.0
DOC-LORA	refs	D-LORA.5.3	auto:refs	v1.0
DOC-LORA	refs	D-LORA.6.1	auto:refs	v1.0
DOC-LORA	refs	D-SFT.5.2	auto:refs	v1.0
DOC-LORA	refs	P-LORA.2.3	auto:refs	v1.0
DOC-LORA	refs	P-LORA.3.1	auto:refs	v1.0
DOC-LORA	refs	P-LORA.3.4	auto:refs	v1.0
DOC-LORA	refs	R-LORA.1.1	auto:refs	v1.0
DOC-LORA	refs	R-LORA.2.1	auto:refs	v1.0
DOC-LORA	refs	R-LORA.2.4	auto:refs	v1.0
DOC-LORA	refs	R-LORA.3.3	auto:refs	v1.0
DOC-LORA	refs	R-LORA.3.5	auto:refs	v1.0
DOC-LORA	refs	R-LORA.4.2	auto:refs	v1.0
DOC-LORA	refs	R-LORA.5.4	auto:refs	v1.0
DOC-LORA	refs	R-LORA.5.5	auto:refs	v1.0
DOC-LORA	refs	R-LORA.6.2	auto:refs	v1.0
DOC-LORA	refs	R-LORA.7.1	auto:refs	v1.0
DOC-LORA	refs	R-LORA.7.2	auto:refs	v1.0
DOC-LORA	refs	R-LORA.8.1	auto:refs	v1.0
DOC-LORA	refs	R-LORA.8.2	auto:refs	v1.0
DOC-LORA	refs	R-LORA.9.1	auto:refs	v1.0
DOC-LORA	refs	R-LORA.10.1	auto:refs	v1.0
DOC-LORA	requires	DOC-PY3	auto:requires(outline)	v1.0
DOC-LORA	requires	DOC-PY6	auto:requires(outline)	v1.0
DOC-MCTS	corresponds	F-b07-mcts	auto:corresponds(dir)	v1.0
DOC-MCTS	corresponds	F-b07-policy_value_eval	auto:corresponds(dir)	v1.0
DOC-MCTS	corresponds	F-b07-run_demo	auto:corresponds(dir)	v1.0
DOC-MCTS	corresponds	F-b07-self_play	auto:corresponds(dir)	v1.0
DOC-MCTS	corresponds	N-15	auto:corresponds(mention)	v1.0
DOC-MCTS	corresponds	N-16	auto:corresponds(mention)	v1.0
DOC-MCTS	refs	A-MCTS.8.1	auto:refs	v1.0
DOC-MCTS	refs	A-MCTS.8.2	auto:refs	v1.0
DOC-MCTS	refs	Cd-MCTS.2.2	auto:refs	v1.0
DOC-MCTS	refs	Cd-MCTS.6.1	auto:refs	v1.0
DOC-MCTS	refs	Cd-MCTS.7.1	auto:refs	v1.0
DOC-MCTS	refs	D-1.2.1	auto:refs	v1.0
DOC-MCTS	refs	D-MCTS.2.1	auto:refs	v1.0
DOC-MCTS	refs	D-MCTS.3.1	auto:refs	v1.0
DOC-MCTS	refs	D-MCTS.4.1	auto:refs	v1.0
DOC-MCTS	refs	D-MCTS.5.1	auto:refs	v1.0
DOC-MCTS	refs	Ex-MCTS.10.2	auto:refs	v1.0
DOC-MCTS	refs	R-MCTS.1.1	auto:refs	v1.0
DOC-MCTS	refs	R-MCTS.2.3	auto:refs	v1.0
DOC-MCTS	refs	R-MCTS.3.2	auto:refs	v1.0
DOC-MCTS	refs	R-MCTS.4.2	auto:refs	v1.0
DOC-MCTS	refs	R-MCTS.5.2	auto:refs	v1.0
DOC-MCTS	refs	R-MCTS.6.2	auto:refs	v1.0
DOC-MCTS	refs	R-MCTS.8.3	auto:refs	v1.0
DOC-MCTS	refs	R-MCTS.9.1	auto:refs	v1.0
DOC-MCTS	refs	R-MCTS.10.1	auto:refs	v1.0
DOC-MCTS	refs	R-MCTS.11.1	auto:refs	v1.0
DOC-MCTS	requires	DOC-PY3	auto:requires(outline)	v1.0
DOC-MCTS	requires	DOC-PY6	auto:requires(outline)	v1.0
DOC-PREM	refs	D-1.1.3	auto:refs	v1.0
DOC-PREM	refs	D-1.2.4	auto:refs	v1.0
DOC-PT	corresponds	F-b02-pretrain	auto:corresponds(dir)	v1.0
DOC-PT	corresponds	F-b02-pretrain_hf	auto:corresponds(dir)	v1.0
DOC-PT	corresponds	N-09	auto:corresponds(dir)	v1.0
DOC-PT	refs	D-1.2.1	auto:refs	v1.0
DOC-PT	refs	D-PT.2.1	auto:refs	v1.0
DOC-PT	refs	D-PT.2.2	auto:refs	v1.0
DOC-PT	refs	D-PT.3.2	auto:refs	v1.0
DOC-PT	refs	D-PT.5.1	auto:refs	v1.0
DOC-PT	refs	D-PT.6.1	auto:refs	v1.0
DOC-PT	refs	D-PT.6.2	auto:refs	v1.0
DOC-PT	refs	D-PT.8.1	auto:refs	v1.0
DOC-PT	refs	D-PT.8.3	auto:refs	v1.0
DOC-PT	refs	D-SFT.3.2	auto:refs	v1.0
DOC-PT	refs	Ex-PT.11.2	auto:refs	v1.0
DOC-PT	refs	P-1.2.9	auto:refs	v1.0
DOC-PT	refs	P-PT.3.1	auto:refs	v1.0
DOC-PT	refs	P-PT.4.1	auto:refs	v1.0
DOC-PT	refs	P-PT.7.1	auto:refs	v1.0
DOC-PT	refs	Pf-PT.3.1	auto:refs	v1.0
DOC-PT	refs	Pf-PT.4.1	auto:refs	v1.0
DOC-PT	refs	R-PT.1.1	auto:refs	v1.0
DOC-PT	refs	R-PT.2.3	auto:refs	v1.0
DOC-PT	refs	R-PT.6.3	auto:refs	v1.0
DOC-PT	refs	R-PT.7.2	auto:refs	v1.0
DOC-PT	refs	R-PT.8.2	auto:refs	v1.0
DOC-PT	refs	R-PT.8.4	auto:refs	v1.0
DOC-PT	refs	R-PT.9.1	auto:refs	v1.0
DOC-PT	refs	R-PT.10.1	auto:refs	v1.0
DOC-PT	refs	R-PT.11.1	auto:refs	v1.0
DOC-PT	refs	T-1.2.6	auto:refs	v1.0
DOC-PT	requires	DOC-PY3	auto:requires(outline)	v1.0
DOC-PT	requires	DOC-PY6	auto:requires(outline)	v1.0
DOC-PY1	corresponds	F-pre-py1	auto:corresponds(pre)	v1.0
DOC-PY1	corresponds	N-18	auto:corresponds(pre)	v1.0
DOC-PY1	refs	Cd-1.1.4	auto:refs	v1.0
DOC-PY1	refs	Cd-PY1.1.4	auto:refs	v1.0
DOC-PY1	refs	Cd-PY1.2.6	auto:refs	v1.0
DOC-PY1	refs	Cd-PY1.3.8	auto:refs	v1.0
DOC-PY1	refs	Cd-PY1.4.7	auto:refs	v1.0
DOC-PY1	refs	Cd-PY1.5.7	auto:refs	v1.0
DOC-PY1	refs	Cd-PY1.6.5	auto:refs	v1.0
DOC-PY1	refs	D-1.1.3	auto:refs	v1.0
DOC-PY1	refs	D-PY1.1.1	auto:refs	v1.0
DOC-PY1	refs	D-PY1.1.2	auto:refs	v1.0
DOC-PY1	refs	D-PY1.2.1	auto:refs	v1.0
DOC-PY1	refs	D-PY1.2.3	auto:refs	v1.0
DOC-PY1	refs	D-PY1.2.5	auto:refs	v1.0
DOC-PY1	refs	D-PY1.3.1	auto:refs	v1.0
DOC-PY1	refs	D-PY1.3.3	auto:refs	v1.0
DOC-PY1	refs	D-PY1.3.4	auto:refs	v1.0
DOC-PY1	refs	D-PY1.3.5	auto:refs	v1.0
DOC-PY1	refs	D-PY1.3.6	auto:refs	v1.0
DOC-PY1	refs	D-PY1.4.1	auto:refs	v1.0
DOC-PY1	refs	D-PY1.4.2	auto:refs	v1.0
DOC-PY1	refs	D-PY1.4.3	auto:refs	v1.0
DOC-PY1	refs	D-PY1.4.6	auto:refs	v1.0
DOC-PY1	refs	D-PY1.5.1	auto:refs	v1.0
DOC-PY1	refs	D-PY1.5.3	auto:refs	v1.0
DOC-PY1	refs	D-PY1.5.4	auto:refs	v1.0
DOC-PY1	refs	D-PY1.5.5	auto:refs	v1.0
DOC-PY1	refs	D-PY1.5.6	auto:refs	v1.0
DOC-PY1	refs	D-PY1.6.1	auto:refs	v1.0
DOC-PY1	refs	D-PY1.6.2	auto:refs	v1.0
DOC-PY1	refs	D-PY1.6.3	auto:refs	v1.0
DOC-PY1	refs	E-PY1.1.5	auto:refs	v1.0
DOC-PY1	refs	Ex-PY1.8.1	auto:refs	v1.0
DOC-PY1	refs	Ex-PY1.8.2	auto:refs	v1.0
DOC-PY1	refs	Ex-PY1.8.3	auto:refs	v1.0
DOC-PY1	refs	Ex-PY1.8.4	auto:refs	v1.0
DOC-PY1	refs	Ex-PY1.8.5	auto:refs	v1.0
DOC-PY1	refs	Ex-PY1.8.6	auto:refs	v1.0
DOC-PY1	refs	Ex-PY1.8.7	auto:refs	v1.0
DOC-PY1	refs	Ex-PY1.8.8	auto:refs	v1.0
DOC-PY1	refs	P-PY1.2.2	auto:refs	v1.0
DOC-PY1	refs	R-PY1.1.3	auto:refs	v1.0
DOC-PY1	refs	R-PY1.2.4	auto:refs	v1.0
DOC-PY1	refs	R-PY1.3.2	auto:refs	v1.0
DOC-PY1	refs	R-PY1.3.7	auto:refs	v1.0
DOC-PY1	refs	R-PY1.4.4	auto:refs	v1.0
DOC-PY1	refs	R-PY1.4.5	auto:refs	v1.0
DOC-PY1	refs	R-PY1.5.2	auto:refs	v1.0
DOC-PY1	refs	R-PY1.6.4	auto:refs	v1.0
DOC-PY2	corresponds	F-pre-py2	auto:corresponds(pre)	v1.0
DOC-PY2	corresponds	N-19	auto:corresponds(pre)	v1.0
DOC-PY2	refs	Cd-1.1.4	auto:refs	v1.0
DOC-PY2	refs	Cd-PY2.1.7	auto:refs	v1.0
DOC-PY2	refs	Cd-PY2.2.7	auto:refs	v1.0
DOC-PY2	refs	Cd-PY2.5.6	auto:refs	v1.0
DOC-PY2	refs	Cd-PY2.6.4	auto:refs	v1.0
DOC-PY2	refs	Cd-PY2.7.6	auto:refs	v1.0
DOC-PY2	refs	Cd-PY2.8.6	auto:refs	v1.0
DOC-PY2	refs	D-1.1.3	auto:refs	v1.0
DOC-PY2	refs	D-1.2.4	auto:refs	v1.0
DOC-PY2	refs	D-PY2.1.1	auto:refs	v1.0
DOC-PY2	refs	D-PY2.1.2	auto:refs	v1.0
DOC-PY2	refs	D-PY2.1.4	auto:refs	v1.0
DOC-PY2	refs	D-PY2.2.1	auto:refs	v1.0
DOC-PY2	refs	D-PY2.3.1	auto:refs	v1.0
DOC-PY2	refs	D-PY2.3.2	auto:refs	v1.0
DOC-PY2	refs	D-PY2.3.3	auto:refs	v1.0
DOC-PY2	refs	D-PY2.4.1	auto:refs	v1.0
DOC-PY2	refs	D-PY2.4.3	auto:refs	v1.0
DOC-PY2	refs	D-PY2.4.5	auto:refs	v1.0
DOC-PY2	refs	D-PY2.5.1	auto:refs	v1.0
DOC-PY2	refs	D-PY2.5.2	auto:refs	v1.0
DOC-PY2	refs	D-PY2.5.3	auto:refs	v1.0
DOC-PY2	refs	D-PY2.6.1	auto:refs	v1.0
DOC-PY2	refs	D-PY2.7.1	auto:refs	v1.0
DOC-PY2	refs	D-PY2.7.2	auto:refs	v1.0
DOC-PY2	refs	D-PY2.7.3	auto:refs	v1.0
DOC-PY2	refs	D-PY2.7.4	auto:refs	v1.0
DOC-PY2	refs	D-PY2.8.1	auto:refs	v1.0
DOC-PY2	refs	D-PY2.8.2	auto:refs	v1.0
DOC-PY2	refs	D-PY2.9.1	auto:refs	v1.0
DOC-PY2	refs	D-PY2.9.2	auto:refs	v1.0
DOC-PY2	refs	D-PY2.9.3	auto:refs	v1.0
DOC-PY2	refs	E-PY2.1.6	auto:refs	v1.0
DOC-PY2	refs	E-PY2.2.6	auto:refs	v1.0
DOC-PY2	refs	E-PY2.3.4	auto:refs	v1.0
DOC-PY2	refs	E-PY2.4.4	auto:refs	v1.0
DOC-PY2	refs	E-PY2.5.5	auto:refs	v1.0
DOC-PY2	refs	E-PY2.6.3	auto:refs	v1.0
DOC-PY2	refs	E-PY2.7.5	auto:refs	v1.0
DOC-PY2	refs	E-PY2.8.5	auto:refs	v1.0
DOC-PY2	refs	E-PY2.9.5	auto:refs	v1.0
DOC-PY2	refs	Ex-PY2.11.1	auto:refs	v1.0
DOC-PY2	refs	Ex-PY2.11.2	auto:refs	v1.0
DOC-PY2	refs	Ex-PY2.11.3	auto:refs	v1.0
DOC-PY2	refs	P-PY2.1.3	auto:refs	v1.0
DOC-PY2	refs	P-PY2.2.2	auto:refs	v1.0
DOC-PY2	refs	P-PY2.2.3	auto:refs	v1.0
DOC-PY2	refs	P-PY2.2.4	auto:refs	v1.0
DOC-PY2	refs	P-PY2.4.2	auto:refs	v1.0
DOC-PY2	refs	P-PY2.6.2	auto:refs	v1.0
DOC-PY2	refs	P-PY2.8.3	auto:refs	v1.0
DOC-PY2	refs	R-PY2.1.5	auto:refs	v1.0
DOC-PY2	refs	R-PY2.2.5	auto:refs	v1.0
DOC-PY2	refs	R-PY2.5.4	auto:refs	v1.0
DOC-PY2	refs	R-PY2.8.4	auto:refs	v1.0
DOC-PY2	refs	R-PY2.9.4	auto:refs	v1.0
DOC-PY3	corresponds	F-pre-py3	auto:corresponds(pre)	v1.0
DOC-PY3	corresponds	N-20	auto:corresponds(mention)	v1.0
DOC-PY3	refs	Cd-1.6.2	auto:refs	v1.0
DOC-PY3	refs	Cd-PY3.1.5	auto:refs	v1.0
DOC-PY3	refs	Cd-PY3.3.4	auto:refs	v1.0
DOC-PY3	refs	D-1.2.4	auto:refs	v1.0
DOC-PY3	refs	D-PY3.1.1	auto:refs	v1.0
DOC-PY3	refs	D-PY3.7.1	auto:refs	v1.0
DOC-PY3	refs	Ex-PY3.9.1	auto:refs	v1.0
DOC-PY3	refs	Ex-PY3.9.2	auto:refs	v1.0
DOC-PY3	refs	Ex-PY3.9.3	auto:refs	v1.0
DOC-PY3	refs	R-1.5.2	auto:refs	v1.0
DOC-PY3	refs	R-PY3.1.2	auto:refs	v1.0
DOC-PY3	refs	R-PY3.1.3	auto:refs	v1.0
DOC-PY3	refs	R-PY3.1.4	auto:refs	v1.0
DOC-PY3	refs	R-PY3.2.1	auto:refs	v1.0
DOC-PY3	refs	R-PY3.2.2	auto:refs	v1.0
DOC-PY3	refs	R-PY3.2.3	auto:refs	v1.0
DOC-PY3	refs	R-PY3.3.1	auto:refs	v1.0
DOC-PY3	refs	R-PY3.3.2	auto:refs	v1.0
DOC-PY3	refs	R-PY3.3.3	auto:refs	v1.0
DOC-PY3	refs	R-PY3.4.1	auto:refs	v1.0
DOC-PY3	refs	R-PY3.4.2	auto:refs	v1.0
DOC-PY3	refs	R-PY3.4.3	auto:refs	v1.0
DOC-PY3	refs	R-PY3.4.4	auto:refs	v1.0
DOC-PY3	refs	R-PY3.5.1	auto:refs	v1.0
DOC-PY3	refs	R-PY3.5.2	auto:refs	v1.0
DOC-PY3	refs	R-PY3.5.3	auto:refs	v1.0
DOC-PY3	refs	R-PY3.5.4	auto:refs	v1.0
DOC-PY3	refs	R-PY3.6.1	auto:refs	v1.0
DOC-PY3	refs	R-PY3.6.2	auto:refs	v1.0
DOC-PY3	refs	R-PY3.6.3	auto:refs	v1.0
DOC-PY3	refs	R-PY3.6.4	auto:refs	v1.0
DOC-PY3	refs	R-PY3.7.2	auto:refs	v1.0
DOC-PY3	refs	R-PY3.7.3	auto:refs	v1.0
DOC-PY3	refs	R-PY3.8.1	auto:refs	v1.0
DOC-PY4	corresponds	F-pre-py4	auto:corresponds(pre)	v1.0
DOC-PY4	corresponds	N-21	auto:corresponds(pre)	v1.0
DOC-PY4	refs	A-PY4.4.2	auto:refs	v1.0
DOC-PY4	refs	Cd-PY4.1.7	auto:refs	v1.0
DOC-PY4	refs	Cd-PY4.2.6	auto:refs	v1.0
DOC-PY4	refs	Cd-PY4.3.5	auto:refs	v1.0
DOC-PY4	refs	Cd-PY4.4.5	auto:refs	v1.0
DOC-PY4	refs	Cd-PY4.5.4	auto:refs	v1.0
DOC-PY4	refs	Cd-PY4.6.5	auto:refs	v1.0
DOC-PY4	refs	D-1.2.1	auto:refs	v1.0
DOC-PY4	refs	D-PY4.1.1	auto:refs	v1.0
DOC-PY4	refs	D-PY4.1.2	auto:refs	v1.0
DOC-PY4	refs	D-PY4.1.4	auto:refs	v1.0
DOC-PY4	refs	D-PY4.1.5	auto:refs	v1.0
DOC-PY4	refs	D-PY4.2.1	auto:refs	v1.0
DOC-PY4	refs	D-PY4.2.3	auto:refs	v1.0
DOC-PY4	refs	D-PY4.2.4	auto:refs	v1.0
DOC-PY4	refs	D-PY4.3.1	auto:refs	v1.0
DOC-PY4	refs	D-PY4.5.1	auto:refs	v1.0
DOC-PY4	refs	D-PY4.6.2	auto:refs	v1.0
DOC-PY4	refs	D-PY4.7.1	auto:refs	v1.0
DOC-PY4	refs	D-PY4.7.3	auto:refs	v1.0
DOC-PY4	refs	E-PY4.3.2	auto:refs	v1.0
DOC-PY4	refs	E-PY4.3.3	auto:refs	v1.0
DOC-PY4	refs	E-PY4.4.3	auto:refs	v1.0
DOC-PY4	refs	E-PY4.5.3	auto:refs	v1.0
DOC-PY4	refs	Ex-PY4.9.1	auto:refs	v1.0
DOC-PY4	refs	Ex-PY4.9.2	auto:refs	v1.0
DOC-PY4	refs	Ex-PY4.9.3	auto:refs	v1.0
DOC-PY4	refs	P-1.4.1	auto:refs	v1.0
DOC-PY4	refs	R-1.2.13	auto:refs	v1.0
DOC-PY4	refs	R-1.4.2	auto:refs	v1.0
DOC-PY4	refs	R-1.5.2	auto:refs	v1.0
DOC-PY4	refs	R-1.7.2	auto:refs	v1.0
DOC-PY4	refs	R-PY4.1.3	auto:refs	v1.0
DOC-PY4	refs	R-PY4.1.6	auto:refs	v1.0
DOC-PY4	refs	R-PY4.2.2	auto:refs	v1.0
DOC-PY4	refs	R-PY4.2.5	auto:refs	v1.0
DOC-PY4	refs	R-PY4.2.7	auto:refs	v1.0
DOC-PY4	refs	R-PY4.3.4	auto:refs	v1.0
DOC-PY4	refs	R-PY4.3.6	auto:refs	v1.0
DOC-PY4	refs	R-PY4.4.1	auto:refs	v1.0
DOC-PY4	refs	R-PY4.4.4	auto:refs	v1.0
DOC-PY4	refs	R-PY4.4.6	auto:refs	v1.0
DOC-PY4	refs	R-PY4.5.2	auto:refs	v1.0
DOC-PY4	refs	R-PY4.5.5	auto:refs	v1.0
DOC-PY4	refs	R-PY4.6.1	auto:refs	v1.0
DOC-PY4	refs	R-PY4.6.3	auto:refs	v1.0
DOC-PY4	refs	R-PY4.6.4	auto:refs	v1.0
DOC-PY4	refs	R-PY4.7.2	auto:refs	v1.0
DOC-PY4	refs	R-PY4.7.4	auto:refs	v1.0
DOC-PY4	refs	R-PY4.7.5	auto:refs	v1.0
DOC-PY4	refs	R-PY4.8.1	auto:refs	v1.0
DOC-PY5	corresponds	F-pre-py5	auto:corresponds(pre)	v1.0
DOC-PY5	corresponds	N-22	auto:corresponds(pre)	v1.0
DOC-PY5	refs	A-PY5.7.1	auto:refs	v1.0
DOC-PY5	refs	C-1.3.6	auto:refs	v1.0
DOC-PY5	refs	Cd-1.1.4	auto:refs	v1.0
DOC-PY5	refs	Cd-1.6.2	auto:refs	v1.0
DOC-PY5	refs	Cd-PY5.1.3	auto:refs	v1.0
DOC-PY5	refs	Cd-PY5.2.4	auto:refs	v1.0
DOC-PY5	refs	Cd-PY5.3.5	auto:refs	v1.0
DOC-PY5	refs	Cd-PY5.4.4	auto:refs	v1.0
DOC-PY5	refs	Cd-PY5.6.3	auto:refs	v1.0
DOC-PY5	refs	Cd-PY5.7.2	auto:refs	v1.0
DOC-PY5	refs	D-1.1.3	auto:refs	v1.0
DOC-PY5	refs	D-1.2.4	auto:refs	v1.0
DOC-PY5	refs	D-1.2.5	auto:refs	v1.0
DOC-PY5	refs	D-PY5.1.1	auto:refs	v1.0
DOC-PY5	refs	D-PY5.1.2	auto:refs	v1.0
DOC-PY5	refs	D-PY5.2.1	auto:refs	v1.0
DOC-PY5	refs	D-PY5.2.2	auto:refs	v1.0
DOC-PY5	refs	D-PY5.2.3	auto:refs	v1.0
DOC-PY5	refs	D-PY5.3.1	auto:refs	v1.0
DOC-PY5	refs	D-PY5.3.2	auto:refs	v1.0
DOC-PY5	refs	D-PY5.3.3	auto:refs	v1.0
DOC-PY5	refs	D-PY5.4.1	auto:refs	v1.0
DOC-PY5	refs	D-PY5.4.2	auto:refs	v1.0
DOC-PY5	refs	D-PY5.5.1	auto:refs	v1.0
DOC-PY5	refs	D-PY5.5.2	auto:refs	v1.0
DOC-PY5	refs	D-PY5.5.3	auto:refs	v1.0
DOC-PY5	refs	D-PY5.6.1	auto:refs	v1.0
DOC-PY5	refs	D-PY5.6.2	auto:refs	v1.0
DOC-PY5	refs	Ex-PY5.10.1	auto:refs	v1.0
DOC-PY5	refs	Ex-PY5.10.2	auto:refs	v1.0
DOC-PY5	refs	Ex-PY5.10.3	auto:refs	v1.0
DOC-PY5	refs	Ex-PY5.10.4	auto:refs	v1.0
DOC-PY5	refs	Ex-PY5.10.5	auto:refs	v1.0
DOC-PY5	refs	Ex-PY5.10.6	auto:refs	v1.0
DOC-PY5	refs	P-1.2.9	auto:refs	v1.0
DOC-PY5	refs	P-1.3.1	auto:refs	v1.0
DOC-PY5	refs	P-1.3.2	auto:refs	v1.0
DOC-PY5	refs	R-1.7.2	auto:refs	v1.0
DOC-PY5	refs	R-PY5.1.4	auto:refs	v1.0
DOC-PY5	refs	R-PY5.1.5	auto:refs	v1.0
DOC-PY5	refs	R-PY5.2.5	auto:refs	v1.0
DOC-PY5	refs	R-PY5.3.4	auto:refs	v1.0
DOC-PY5	refs	R-PY5.3.6	auto:refs	v1.0
DOC-PY5	refs	R-PY5.4.3	auto:refs	v1.0
DOC-PY5	refs	R-PY5.4.5	auto:refs	v1.0
DOC-PY5	refs	R-PY5.5.4	auto:refs	v1.0
DOC-PY5	refs	R-PY5.5.5	auto:refs	v1.0
DOC-PY5	refs	R-PY5.6.4	auto:refs	v1.0
DOC-PY5	refs	R-PY5.7.3	auto:refs	v1.0
DOC-PY5	refs	R-PY5.7.4	auto:refs	v1.0
DOC-PY5	refs	R-PY5.7.5	auto:refs	v1.0
DOC-PY5	refs	R-PY5.8.1	auto:refs	v1.0
DOC-PY5	refs	R-PY5.8.2	auto:refs	v1.0
DOC-PY5	refs	R-PY5.8.3	auto:refs	v1.0
DOC-PY5	refs	R-PY5.8.4	auto:refs	v1.0
DOC-PY5	refs	R-PY5.8.5	auto:refs	v1.0
DOC-PY5	refs	R-PY5.8.6	auto:refs	v1.0
DOC-PY5	refs	T-1.3.4	auto:refs	v1.0
DOC-PY6	corresponds	F-pre-py6	auto:corresponds(pre)	v1.0
DOC-PY6	corresponds	N-23	auto:corresponds(pre)	v1.0
DOC-PY6	refs	Cd-1.6.2	auto:refs	v1.0
DOC-PY6	refs	Cd-PY6.1.5	auto:refs	v1.0
DOC-PY6	refs	Cd-PY6.2.5	auto:refs	v1.0
DOC-PY6	refs	Cd-PY6.3.6	auto:refs	v1.0
DOC-PY6	refs	D-1.1.3	auto:refs	v1.0
DOC-PY6	refs	D-PY6.1.1	auto:refs	v1.0
DOC-PY6	refs	D-PY6.1.3	auto:refs	v1.0
DOC-PY6	refs	D-PY6.2.1	auto:refs	v1.0
DOC-PY6	refs	D-PY6.2.4	auto:refs	v1.0
DOC-PY6	refs	D-PY6.3.1	auto:refs	v1.0
DOC-PY6	refs	D-PY6.3.3	auto:refs	v1.0
DOC-PY6	refs	D-PY6.3.5	auto:refs	v1.0
DOC-PY6	refs	E-PY6.4.2	auto:refs	v1.0
DOC-PY6	refs	E-PY6.6.2	auto:refs	v1.0
DOC-PY6	refs	E-PY6.6.3	auto:refs	v1.0
DOC-PY6	refs	E-PY6.6.4	auto:refs	v1.0
DOC-PY6	refs	E-PY6.6.5	auto:refs	v1.0
DOC-PY6	refs	E-PY6.6.6	auto:refs	v1.0
DOC-PY6	refs	P-1.2.9	auto:refs	v1.0
DOC-PY6	refs	R-1.3.8	auto:refs	v1.0
DOC-PY6	refs	R-1.4.2	auto:refs	v1.0
DOC-PY6	refs	R-1.5.2	auto:refs	v1.0
DOC-PY6	refs	R-1.7.3	auto:refs	v1.0
DOC-PY6	refs	R-PY6.1.2	auto:refs	v1.0
DOC-PY6	refs	R-PY6.1.4	auto:refs	v1.0
DOC-PY6	refs	R-PY6.2.2	auto:refs	v1.0
DOC-PY6	refs	R-PY6.2.3	auto:refs	v1.0
DOC-PY6	refs	R-PY6.3.2	auto:refs	v1.0
DOC-PY6	refs	R-PY6.3.4	auto:refs	v1.0
DOC-PY6	refs	R-PY6.3.7	auto:refs	v1.0
DOC-PY6	refs	R-PY6.4.1	auto:refs	v1.0
DOC-PY6	refs	R-PY6.4.3	auto:refs	v1.0
DOC-PY6	refs	R-PY6.5.1	auto:refs	v1.0
DOC-PY6	refs	R-PY6.6.1	auto:refs	v1.0
DOC-PY6	requires	D-1.1.3	auto:requires	v1.0
DOC-PY6	requires	P-1.2.9	auto:requires	v1.0
DOC-RES	refs	R-RES.1.1	auto:refs	v1.0
DOC-RES	refs	R-RES.2.1	auto:refs	v1.0
DOC-RES	refs	R-RES.3.1	auto:refs	v1.0
DOC-RES	refs	R-RES.4.1	auto:refs	v1.0
DOC-RES	refs	R-RES.5.1	auto:refs	v1.0
DOC-RES	refs	R-RES.6.1	auto:refs	v1.0
DOC-RES	refs	R-RES.7.1	auto:refs	v1.0
DOC-RES	refs	R-RES.8.1	auto:refs	v1.0
DOC-RES	refs	R-RES.9.1	auto:refs	v1.0
DOC-RL	corresponds	F-b06-grpo	auto:corresponds(dir)	v1.0
DOC-RL	corresponds	F-b06-trl_grpo	auto:corresponds(dir)	v1.0
DOC-RL	corresponds	N-13	auto:corresponds(mention)	v1.0
DOC-RL	corresponds	N-14	auto:corresponds(mention)	v1.0
DOC-RL	refs	A-RL.11.2	auto:refs	v1.0
DOC-RL	refs	D-1.2.1	auto:refs	v1.0
DOC-RL	refs	D-1.2.4	auto:refs	v1.0
DOC-RL	refs	D-RL.2.1	auto:refs	v1.0
DOC-RL	refs	D-RL.4.3	auto:refs	v1.0
DOC-RL	refs	D-RL.4.4	auto:refs	v1.0
DOC-RL	refs	D-RL.5.1	auto:refs	v1.0
DOC-RL	refs	D-RL.6.1	auto:refs	v1.0
DOC-RL	refs	D-RL.6.3	auto:refs	v1.0
DOC-RL	refs	D-RL.7.1	auto:refs	v1.0
DOC-RL	refs	D-RL.7.3	auto:refs	v1.0
DOC-RL	refs	D-RL.8.1	auto:refs	v1.0
DOC-RL	refs	D-RL.8.3	auto:refs	v1.0
DOC-RL	refs	D-RL.9.1	auto:refs	v1.0
DOC-RL	refs	D-RL.11.1	auto:refs	v1.0
DOC-RL	refs	Ex-RL.13.2	auto:refs	v1.0
DOC-RL	refs	P-1.2.9	auto:refs	v1.0
DOC-RL	refs	P-1.2.14	auto:refs	v1.0
DOC-RL	refs	P-RL.4.2	auto:refs	v1.0
DOC-RL	refs	Pf-RL.3.1	auto:refs	v1.0
DOC-RL	refs	Pf-RL.4.2	auto:refs	v1.0
DOC-RL	refs	R-RL.1.1	auto:refs	v1.0
DOC-RL	refs	R-RL.2.2	auto:refs	v1.0
DOC-RL	refs	R-RL.6.2	auto:refs	v1.0
DOC-RL	refs	R-RL.6.4	auto:refs	v1.0
DOC-RL	refs	R-RL.7.2	auto:refs	v1.0
DOC-RL	refs	R-RL.7.4	auto:refs	v1.0
DOC-RL	refs	R-RL.7.5	auto:refs	v1.0
DOC-RL	refs	R-RL.8.2	auto:refs	v1.0
DOC-RL	refs	R-RL.9.2	auto:refs	v1.0
DOC-RL	refs	R-RL.9.3	auto:refs	v1.0
DOC-RL	refs	R-RL.10.1	auto:refs	v1.0
DOC-RL	refs	R-RL.10.2	auto:refs	v1.0
DOC-RL	refs	R-RL.11.3	auto:refs	v1.0
DOC-RL	refs	R-RL.12.1	auto:refs	v1.0
DOC-RL	refs	R-RL.12.2	auto:refs	v1.0
DOC-RL	refs	R-RL.12.3	auto:refs	v1.0
DOC-RL	refs	R-RL.13.1	auto:refs	v1.0
DOC-RL	refs	R-RL.14.1	auto:refs	v1.0
DOC-RL	refs	T-RL.3.1	auto:refs	v1.0
DOC-RL	refs	T-RL.4.1	auto:refs	v1.0
DOC-RL	requires	DOC-PY3	auto:requires(outline)	v1.0
DOC-RL	requires	DOC-PY6	auto:requires(outline)	v1.0
DOC-RM01API	corresponds	F-b01-tokenizer_api	auto:corresponds(dir)	v1.0
DOC-RM01API	corresponds	F-b01-train_hf	auto:corresponds(dir)	v1.0
DOC-RM01API	refs	R-RM01API.1.1	auto:refs	v1.0
DOC-RM01API	refs	R-RM01API.2.1	auto:refs	v1.0
DOC-RM01API	refs	R-RM01API.3.1	auto:refs	v1.0
DOC-RM01API	refs	R-RM01API.4.1	auto:refs	v1.0
DOC-RM01API	refs	R-RM01API.5.1	auto:refs	v1.0
DOC-RM01FS	corresponds	F-b01-configs	auto:corresponds(dir)	v1.0
DOC-RM01FS	corresponds	F-b01-data	auto:corresponds(dir)	v1.0
DOC-RM01FS	corresponds	F-b01-generate	auto:corresponds(dir)	v1.0
DOC-RM01FS	corresponds	F-b01-model	auto:corresponds(dir)	v1.0
DOC-RM01FS	corresponds	F-b01-train	auto:corresponds(dir)	v1.0
DOC-RM01FS	refs	R-RM01FS.1.1	auto:refs	v1.0
DOC-RM01FS	refs	R-RM01FS.2.1	auto:refs	v1.0
DOC-RM01FS	refs	R-RM01FS.3.1	auto:refs	v1.0
DOC-RM01FS	refs	R-RM01FS.4.1	auto:refs	v1.0
DOC-RM08C	refs	R-RM08C.1.1	auto:refs	v1.0
DOC-RM08C	refs	R-RM08C.2.1	auto:refs	v1.0
DOC-RM08C	refs	R-RM08C.3.1	auto:refs	v1.0
DOC-RM08C	refs	R-RM08C.4.1	auto:refs	v1.0
DOC-RMLORA	refs	R-RMLORA.1.1	auto:refs	v1.0
DOC-RMLORA	refs	R-RMLORA.2.1	auto:refs	v1.0
DOC-RMLORA	refs	R-RMLORA.3.1	auto:refs	v1.0
DOC-RMLORA	refs	R-RMLORA.4.1	auto:refs	v1.0
DOC-RMLORA	refs	R-RMLORA.5.1	auto:refs	v1.0
DOC-RMLORA	refs	R-RMLORA.6.1	auto:refs	v1.0
DOC-RMLORA	refs	R-RMLORA.7.1	auto:refs	v1.0
DOC-RMMCTS	refs	R-RMMCTS.1.1	auto:refs	v1.0
DOC-RMMCTS	refs	R-RMMCTS.2.1	auto:refs	v1.0
DOC-RMMCTS	refs	R-RMMCTS.3.1	auto:refs	v1.0
DOC-RMMCTS	refs	R-RMMCTS.4.1	auto:refs	v1.0
DOC-RMPT	refs	R-RMPT.1.1	auto:refs	v1.0
DOC-RMPT	refs	R-RMPT.2.1	auto:refs	v1.0
DOC-RMPT	refs	R-RMPT.3.1	auto:refs	v1.0
DOC-RMPT	refs	R-RMPT.4.1	auto:refs	v1.0
DOC-RMPT	refs	R-RMPT.5.1	auto:refs	v1.0
DOC-RMPT	refs	R-RMPT.6.1	auto:refs	v1.0
DOC-RMRL	refs	R-RMRL.1.1	auto:refs	v1.0
DOC-RMRL	refs	R-RMRL.2.1	auto:refs	v1.0
DOC-RMRL	refs	R-RMRL.3.1	auto:refs	v1.0
DOC-RMRL	refs	R-RMRL.4.1	auto:refs	v1.0
DOC-RMRL	refs	R-RMRL.5.1	auto:refs	v1.0
DOC-RMSFT	refs	R-RMSFT.1.1	auto:refs	v1.0
DOC-RMSFT	refs	R-RMSFT.2.1	auto:refs	v1.0
DOC-RMSFT	refs	R-RMSFT.3.1	auto:refs	v1.0
DOC-RMSFT	refs	R-RMSFT.4.1	auto:refs	v1.0
DOC-RMSFT	refs	R-RMSFT.5.1	auto:refs	v1.0
DOC-RMVH	refs	R-RMVH.1.1	auto:refs	v1.0
DOC-RMVH	refs	R-RMVH.2.1	auto:refs	v1.0
DOC-RMVH	refs	R-RMVH.3.1	auto:refs	v1.0
DOC-RMVH	refs	R-RMVH.4.1	auto:refs	v1.0
DOC-RMVH	refs	R-RMVH.5.1	auto:refs	v1.0
DOC-RMVH	refs	R-RMVH.6.1	auto:refs	v1.0
DOC-ROAD	refs	R-ROAD.1.1	auto:refs	v1.0
DOC-ROAD	refs	R-ROAD.2.1	auto:refs	v1.0
DOC-ROAD	refs	R-ROAD.3.1	auto:refs	v1.0
DOC-ROAD	refs	R-ROAD.4.1	auto:refs	v1.0
DOC-ROAD	refs	R-ROAD.5.1	auto:refs	v1.0
DOC-ROAD	refs	R-ROAD.6.1	auto:refs	v1.0
DOC-ROAD	refs	R-ROAD.7.1	auto:refs	v1.0
DOC-SFT	corresponds	F-b03-sft	auto:corresponds(dir)	v1.0
DOC-SFT	corresponds	F-b03-sft_hf	auto:corresponds(dir)	v1.0
DOC-SFT	corresponds	N-10	auto:corresponds(dir)	v1.0
DOC-SFT	refs	D-1.2.4	auto:refs	v1.0
DOC-SFT	refs	D-LORA.2.2	auto:refs	v1.0
DOC-SFT	refs	D-LORA.5.1	auto:refs	v1.0
DOC-SFT	refs	D-PT.6.1	auto:refs	v1.0
DOC-SFT	refs	D-SFT.1.1	auto:refs	v1.0
DOC-SFT	refs	D-SFT.2.1	auto:refs	v1.0
DOC-SFT	refs	D-SFT.3.1	auto:refs	v1.0
DOC-SFT	refs	D-SFT.3.2	auto:refs	v1.0
DOC-SFT	refs	D-SFT.5.2	auto:refs	v1.0
DOC-SFT	refs	Ex-SFT.8.3	auto:refs	v1.0
DOC-SFT	refs	R-1.7.2	auto:refs	v1.0
DOC-SFT	refs	R-SFT.3.3	auto:refs	v1.0
DOC-SFT	refs	R-SFT.3.4	auto:refs	v1.0
DOC-SFT	refs	R-SFT.4.1	auto:refs	v1.0
DOC-SFT	refs	R-SFT.4.2	auto:refs	v1.0
DOC-SFT	refs	R-SFT.5.1	auto:refs	v1.0
DOC-SFT	refs	R-SFT.5.3	auto:refs	v1.0
DOC-SFT	refs	R-SFT.5.4	auto:refs	v1.0
DOC-SFT	refs	R-SFT.6.1	auto:refs	v1.0
DOC-SFT	refs	R-SFT.7.1	auto:refs	v1.0
DOC-SFT	refs	R-SFT.8.1	auto:refs	v1.0
DOC-SFT	refs	R-SFT.8.2	auto:refs	v1.0
DOC-SFT	requires	DOC-PY3	auto:requires(outline)	v1.0
DOC-SFT	requires	DOC-PY6	auto:requires(outline)	v1.0
DOC-SRC0	refs	R-SRC0.1.1	auto:refs	v1.0
DOC-SRC0	refs	R-SRC0.2.1	auto:refs	v1.0
DOC-SRC0	refs	R-SRC0.3.1	auto:refs	v1.0
DOC-SRC0	refs	R-SRC0.4.1	auto:refs	v1.0
DOC-SRC0	refs	R-SRC0.5.1	auto:refs	v1.0
DOC-SRC0	requires	DOC-PY3	auto:requires(outline)	v1.0
DOC-SRC0	requires	DOC-PY6	auto:requires(outline)	v1.0
DOC-SRC1	refs	Cd-SRC1.1.1	auto:refs	v1.0
DOC-SRC1	refs	Cd-SRC1.1.2	auto:refs	v1.0
DOC-SRC1	refs	Cd-SRC1.1.3	auto:refs	v1.0
DOC-SRC1	refs	Cd-SRC1.1.4	auto:refs	v1.0
DOC-SRC1	refs	Cd-SRC1.2.1	auto:refs	v1.0
DOC-SRC1	refs	Cd-SRC1.3.1	auto:refs	v1.0
DOC-SRC1	refs	Cd-SRC1.3.2	auto:refs	v1.0
DOC-SRC1	refs	Cd-SRC1.3.3	auto:refs	v1.0
DOC-SRC1	refs	Cd-SRC1.3.4	auto:refs	v1.0
DOC-SRC1	refs	Cd-SRC1.3.5	auto:refs	v1.0
DOC-SRC1	refs	Cd-SRC1.4.1	auto:refs	v1.0
DOC-SRC1	refs	Cd-SRC1.5.1	auto:refs	v1.0
DOC-SRC1	refs	Cd-SRC1.6.1	auto:refs	v1.0
DOC-SRC1	refs	E-SRC1.7.1	auto:refs	v1.0
DOC-SRC1	refs	R-SRC1.0.1	auto:refs	v1.0
DOC-SRC1	refs	R-SRC1.8.1	auto:refs	v1.0
DOC-SRC1	refs	R-SRC1.9.1	auto:refs	v1.0
DOC-SRC1	refs	R-SRC1.10.1	auto:refs	v1.0
DOC-SRC1	requires	DOC-PY3	auto:requires(outline)	v1.0
DOC-SRC1	requires	DOC-PY6	auto:requires(outline)	v1.0
DOC-SRC2	refs	Cd-SRC2.2.1	auto:refs	v1.0
DOC-SRC2	refs	Cd-SRC2.2.2	auto:refs	v1.0
DOC-SRC2	refs	Cd-SRC2.2.3	auto:refs	v1.0
DOC-SRC2	refs	Cd-SRC2.2.4	auto:refs	v1.0
DOC-SRC2	refs	Cd-SRC2.3.1	auto:refs	v1.0
DOC-SRC2	refs	Cd-SRC2.4.1	auto:refs	v1.0
DOC-SRC2	refs	Cd-SRC2.5.1	auto:refs	v1.0
DOC-SRC2	refs	E-SRC2.6.1	auto:refs	v1.0
DOC-SRC2	refs	R-SRC2.0.1	auto:refs	v1.0
DOC-SRC2	refs	R-SRC2.1.1	auto:refs	v1.0
DOC-SRC2	refs	R-SRC2.7.1	auto:refs	v1.0
DOC-SRC2	refs	R-SRC2.8.1	auto:refs	v1.0
DOC-SRC2	refs	R-SRC2.9.1	auto:refs	v1.0
DOC-SRC2	requires	DOC-PY3	auto:requires(outline)	v1.0
DOC-SRC2	requires	DOC-PY6	auto:requires(outline)	v1.0
DOC-SRC3	refs	Cd-SRC3.1.1	auto:refs	v1.0
DOC-SRC3	refs	Cd-SRC3.1.2	auto:refs	v1.0
DOC-SRC3	refs	Cd-SRC3.1.3	auto:refs	v1.0
DOC-SRC3	refs	Cd-SRC3.1.4	auto:refs	v1.0
DOC-SRC3	refs	Cd-SRC3.1.5	auto:refs	v1.0
DOC-SRC3	refs	Cd-SRC3.1.6	auto:refs	v1.0
DOC-SRC3	refs	Cd-SRC3.2.1	auto:refs	v1.0
DOC-SRC3	refs	Cd-SRC3.2.2	auto:refs	v1.0
DOC-SRC3	refs	Cd-SRC3.2.3	auto:refs	v1.0
DOC-SRC3	refs	Cd-SRC3.2.4	auto:refs	v1.0
DOC-SRC3	refs	Cd-SRC3.2.5	auto:refs	v1.0
DOC-SRC3	refs	Cd-SRC3.2.6	auto:refs	v1.0
DOC-SRC3	refs	Cd-SRC3.2.7	auto:refs	v1.0
DOC-SRC3	refs	Cd-SRC3.3.1	auto:refs	v1.0
DOC-SRC3	refs	Cd-SRC3.4.1	auto:refs	v1.0
DOC-SRC3	refs	Cd-SRC3.7.1	auto:refs	v1.0
DOC-SRC3	refs	E-SRC3.5.1	auto:refs	v1.0
DOC-SRC3	refs	R-SRC3.0.1	auto:refs	v1.0
DOC-SRC3	refs	R-SRC3.6.1	auto:refs	v1.0
DOC-SRC3	refs	R-SRC3.8.1	auto:refs	v1.0
DOC-SRC3	refs	R-SRC3.9.1	auto:refs	v1.0
DOC-SRC3	refs	R-SRC3.10.1	auto:refs	v1.0
DOC-SRC3	requires	DOC-PY3	auto:requires(outline)	v1.0
DOC-SRC3	requires	DOC-PY6	auto:requires(outline)	v1.0
DOC-SRC4	refs	Cd-SRC4.1.1	auto:refs	v1.0
DOC-SRC4	refs	Cd-SRC4.2.1	auto:refs	v1.0
DOC-SRC4	refs	Cd-SRC4.3.1	auto:refs	v1.0
DOC-SRC4	refs	Cd-SRC4.4.1	auto:refs	v1.0
DOC-SRC4	refs	Cd-SRC4.5.1	auto:refs	v1.0
DOC-SRC4	refs	Cd-SRC4.6.1	auto:refs	v1.0
DOC-SRC4	refs	Cd-SRC4.6.2	auto:refs	v1.0
DOC-SRC4	refs	Cd-SRC4.6.3	auto:refs	v1.0
DOC-SRC4	refs	Cd-SRC4.6.4	auto:refs	v1.0
DOC-SRC4	refs	Cd-SRC4.7.1	auto:refs	v1.0
DOC-SRC4	refs	Cd-SRC4.8.1	auto:refs	v1.0
DOC-SRC4	refs	Cd-SRC4.9.1	auto:refs	v1.0
DOC-SRC4	refs	E-SRC4.11.1	auto:refs	v1.0
DOC-SRC4	refs	R-SRC4.0.1	auto:refs	v1.0
DOC-SRC4	refs	R-SRC4.10.1	auto:refs	v1.0
DOC-SRC4	refs	R-SRC4.12.1	auto:refs	v1.0
DOC-SRC4	refs	R-SRC4.13.1	auto:refs	v1.0
DOC-SRC4	refs	R-SRC4.14.1	auto:refs	v1.0
DOC-SRC4	requires	DOC-PY3	auto:requires(outline)	v1.0
DOC-SRC4	requires	DOC-PY6	auto:requires(outline)	v1.0
DOC-SRC5	refs	Cd-SRC5.2.1	auto:refs	v1.0
DOC-SRC5	refs	Cd-SRC5.3.1	auto:refs	v1.0
DOC-SRC5	refs	Cd-SRC5.4.1	auto:refs	v1.0
DOC-SRC5	refs	Cd-SRC5.4.2	auto:refs	v1.0
DOC-SRC5	refs	Cd-SRC5.4.3	auto:refs	v1.0
DOC-SRC5	refs	Cd-SRC5.4.4	auto:refs	v1.0
DOC-SRC5	refs	E-SRC5.5.1	auto:refs	v1.0
DOC-SRC5	refs	E-SRC5.6.1	auto:refs	v1.0
DOC-SRC5	refs	R-SRC5.1.1	auto:refs	v1.0
DOC-SRC5	refs	R-SRC5.4.5	auto:refs	v1.0
DOC-SRC5	refs	R-SRC5.7.1	auto:refs	v1.0
DOC-SRC5	refs	R-SRC5.8.1	auto:refs	v1.0
DOC-SRC5	refs	R-SRC5.9.1	auto:refs	v1.0
DOC-SRC5	requires	DOC-PY3	auto:requires(outline)	v1.0
DOC-SRC5	requires	DOC-PY6	auto:requires(outline)	v1.0
DOC-SRC6	refs	Cd-SRC6.1.1	auto:refs	v1.0
DOC-SRC6	refs	Cd-SRC6.2.1	auto:refs	v1.0
DOC-SRC6	refs	Cd-SRC6.3.1	auto:refs	v1.0
DOC-SRC6	refs	Cd-SRC6.4.1	auto:refs	v1.0
DOC-SRC6	refs	Cd-SRC6.5.1	auto:refs	v1.0
DOC-SRC6	refs	R-SRC6.0.1	auto:refs	v1.0
DOC-SRC6	refs	R-SRC6.6.1	auto:refs	v1.0
DOC-SRC6	refs	R-SRC6.7.1	auto:refs	v1.0
DOC-SRC6	refs	R-SRC6.8.1	auto:refs	v1.0
DOC-SRC6	refs	R-SRC6.9.1	auto:refs	v1.0
DOC-SRC6	refs	R-SRC6.10.1	auto:refs	v1.0
DOC-SRC6	requires	DOC-PY3	auto:requires(outline)	v1.0
DOC-SRC6	requires	DOC-PY6	auto:requires(outline)	v1.0
DOC-SRC7	refs	Cd-SRC7.1.1	auto:refs	v1.0
DOC-SRC7	refs	Cd-SRC7.2.1	auto:refs	v1.0
DOC-SRC7	refs	Cd-SRC7.3.1	auto:refs	v1.0
DOC-SRC7	refs	Cd-SRC7.4.1	auto:refs	v1.0
DOC-SRC7	refs	Cd-SRC7.5.1	auto:refs	v1.0
DOC-SRC7	refs	Cd-SRC7.6.1	auto:refs	v1.0
DOC-SRC7	refs	E-SRC7.7.1	auto:refs	v1.0
DOC-SRC7	refs	R-SRC7.0.1	auto:refs	v1.0
DOC-SRC7	refs	R-SRC7.8.1	auto:refs	v1.0
DOC-SRC7	refs	R-SRC7.9.1	auto:refs	v1.0
DOC-SRC7	requires	DOC-PY3	auto:requires(outline)	v1.0
DOC-SRC7	requires	DOC-PY6	auto:requires(outline)	v1.0
DOC-SRC8	refs	Cd-SRC8.2.1	auto:refs	v1.0
DOC-SRC8	refs	Cd-SRC8.3.1	auto:refs	v1.0
DOC-SRC8	refs	Cd-SRC8.4.1	auto:refs	v1.0
DOC-SRC8	refs	Cd-SRC8.5.1	auto:refs	v1.0
DOC-SRC8	refs	E-SRC8.8.1	auto:refs	v1.0
DOC-SRC8	refs	R-SRC8.1.1	auto:refs	v1.0
DOC-SRC8	refs	R-SRC8.6.1	auto:refs	v1.0
DOC-SRC8	refs	R-SRC8.7.1	auto:refs	v1.0
DOC-SRC8	refs	R-SRC8.9.1	auto:refs	v1.0
DOC-SRC8	refs	R-SRC8.10.1	auto:refs	v1.0
DOC-SRC8	requires	DOC-PY3	auto:requires(outline)	v1.0
DOC-SRC8	requires	DOC-PY6	auto:requires(outline)	v1.0
DOC-STYLE	refs	R-STYLE.1.1	auto:refs	v1.0
DOC-TINY	refs	R-TINY.1.1	auto:refs	v1.0
DOC-TINY	refs	R-TINY.2.1	auto:refs	v1.0
DOC-TINY	refs	R-TINY.3.1	auto:refs	v1.0
DOC-TINY	refs	R-TINY.4.1	auto:refs	v1.0
DOC-V10	refs	R-V10.1.1	auto:refs	v1.0
DOC-V10	refs	R-V10.2.1	auto:refs	v1.0
DOC-V10	refs	R-V10.3.1	auto:refs	v1.0
DOC-V11	corresponds	N-17	auto:corresponds(dir)	v1.0
DOC-V11	refs	Cd-V11.2.1	auto:refs	v1.0
DOC-V11	refs	Cd-V11.4.3	auto:refs	v1.0
DOC-V11	refs	Cd-V11.5.1	auto:refs	v1.0
DOC-V11	refs	Cd-V11.7.1	auto:refs	v1.0
DOC-V11	refs	D-1.2.1	auto:refs	v1.0
DOC-V11	refs	D-V11.3.1	auto:refs	v1.0
DOC-V11	refs	D-V11.3.2	auto:refs	v1.0
DOC-V11	refs	D-V11.4.1	auto:refs	v1.0
DOC-V11	refs	D-V11.4.2	auto:refs	v1.0
DOC-V11	refs	D-V11.5.2	auto:refs	v1.0
DOC-V11	refs	D-V11.5.3	auto:refs	v1.0
DOC-V11	refs	D-V11.5.4	auto:refs	v1.0
DOC-V11	refs	D-V11.5.5	auto:refs	v1.0
DOC-V11	refs	D-V11.6.1	auto:refs	v1.0
DOC-V11	refs	R-V11.1.1	auto:refs	v1.0
DOC-V11	refs	R-V11.2.2	auto:refs	v1.0
DOC-V11	refs	R-V11.3.3	auto:refs	v1.0
DOC-V11	refs	R-V11.4.4	auto:refs	v1.0
DOC-V11	refs	R-V11.6.2	auto:refs	v1.0
DOC-V11	refs	R-V11.6.3	auto:refs	v1.0
DOC-V11	refs	R-V11.7.2	auto:refs	v1.0
DOC-V11	refs	R-V11.8.1	auto:refs	v1.0
DOC-V11	refs	R-V11.9.1	auto:refs	v1.0
DOC-V11	requires	DOC-PY3	auto:requires(outline)	v1.0
DOC-V11	requires	DOC-PY6	auto:requires(outline)	v1.0
DOC-VH	corresponds	F-b04-train_value_head	auto:corresponds(dir)	v1.0
DOC-VH	corresponds	F-b04-value_head	auto:corresponds(dir)	v1.0
DOC-VH	corresponds	F-b04-value_head_api	auto:corresponds(dir)	v1.0
DOC-VH	corresponds	N-11	auto:corresponds(mention)	v1.0
DOC-VH	refs	Cd-VH.2.3	auto:refs	v1.0
DOC-VH	refs	Cd-VH.3.5	auto:refs	v1.0
DOC-VH	refs	Cd-VH.5.2	auto:refs	v1.0
DOC-VH	refs	D-1.2.1	auto:refs	v1.0
DOC-VH	refs	D-1.2.4	auto:refs	v1.0
DOC-VH	refs	D-1.2.5	auto:refs	v1.0
DOC-VH	refs	D-VH.2.1	auto:refs	v1.0
DOC-VH	refs	D-VH.2.2	auto:refs	v1.0
DOC-VH	refs	D-VH.3.1	auto:refs	v1.0
DOC-VH	refs	D-VH.3.2	auto:refs	v1.0
DOC-VH	refs	D-VH.3.3	auto:refs	v1.0
DOC-VH	refs	D-VH.4.1	auto:refs	v1.0
DOC-VH	refs	D-VH.4.2	auto:refs	v1.0
DOC-VH	refs	D-VH.5.1	auto:refs	v1.0
DOC-VH	refs	D-VH.5.3	auto:refs	v1.0
DOC-VH	refs	D-VH.6.1	auto:refs	v1.0
DOC-VH	refs	D-VH.6.3	auto:refs	v1.0
DOC-VH	refs	D-VH.8.1	auto:refs	v1.0
DOC-VH	refs	D-VH.8.2	auto:refs	v1.0
DOC-VH	refs	P-1.2.14	auto:refs	v1.0
DOC-VH	refs	R-1.7.3	auto:refs	v1.0
DOC-VH	refs	R-VH.1.1	auto:refs	v1.0
DOC-VH	refs	R-VH.2.4	auto:refs	v1.0
DOC-VH	refs	R-VH.3.4	auto:refs	v1.0
DOC-VH	refs	R-VH.3.6	auto:refs	v1.0
DOC-VH	refs	R-VH.4.3	auto:refs	v1.0
DOC-VH	refs	R-VH.5.4	auto:refs	v1.0
DOC-VH	refs	R-VH.6.2	auto:refs	v1.0
DOC-VH	refs	R-VH.6.4	auto:refs	v1.0
DOC-VH	refs	R-VH.7.1	auto:refs	v1.0
DOC-VH	refs	R-VH.8.3	auto:refs	v1.0
DOC-VH	refs	R-VH.9.1	auto:refs	v1.0
DOC-VH	refs	R-VH.10.1	auto:refs	v1.0
DOC-VH	requires	DOC-PY3	auto:requires(outline)	v1.0
DOC-VH	requires	DOC-PY6	auto:requires(outline)	v1.0
F-b01-model	refs	Cd-1.1.4	auto:refs	v1.0
F-b01-model	refs	D-1.1.3	auto:refs	v1.0
F-pre-py1	refs	DOC-PY1	auto:refs	v1.0
F-pre-py3	refs	DOC-PY3	auto:refs	v1.0
F-pre-py3	refs	R-PY3.3.1	auto:refs	v1.0
F-pre-py3	refs	R-PY3.3.3	auto:refs	v1.0
F-pre-py3	refs	R-PY3.7.2	auto:refs	v1.0
F-pre-py4	refs	A-PY4.4.2	auto:refs	v1.0
F-pre-py4	refs	Cd-PY4.4.5	auto:refs	v1.0
F-pre-py4	refs	Cd-PY4.5.4	auto:refs	v1.0
F-pre-py4	refs	D-PY4.1.2	auto:refs	v1.0
F-pre-py4	refs	D-PY4.1.5	auto:refs	v1.0
F-pre-py4	refs	D-PY4.3.1	auto:refs	v1.0
F-pre-py4	refs	D-PY4.6.2	auto:refs	v1.0
F-pre-py4	refs	D-PY4.7.3	auto:refs	v1.0
F-pre-py4	refs	E-PY4.3.2	auto:refs	v1.0
F-pre-py4	refs	E-PY4.3.3	auto:refs	v1.0
F-pre-py4	refs	E-PY4.4.3	auto:refs	v1.0
F-pre-py4	refs	E-PY4.5.3	auto:refs	v1.0
F-pre-py4	refs	Ex-PY4.9.3	auto:refs	v1.0
F-pre-py4	refs	R-1.2.13	auto:refs	v1.0
F-pre-py4	refs	R-PY4.1.6	auto:refs	v1.0
F-pre-py4	refs	R-PY4.2.7	auto:refs	v1.0
F-pre-py4	refs	R-PY4.5.2	auto:refs	v1.0
F-pre-py4	refs	R-PY4.6.3	auto:refs	v1.0
F-pre-py4	refs	R-PY4.7.4	auto:refs	v1.0
F-pre-py5	refs	A-1.5.1	auto:refs	v1.0
F-pre-py5	refs	A-PY5.7.1	auto:refs	v1.0
F-pre-py5	refs	Cd-1.1.4	auto:refs	v1.0
F-pre-py5	refs	D-1.1.1	auto:refs	v1.0
F-pre-py5	refs	D-1.1.3	auto:refs	v1.0
F-pre-py5	refs	D-1.2.4	auto:refs	v1.0
F-pre-py5	refs	D-1.2.5	auto:refs	v1.0
F-pre-py5	refs	R-PY5.7.4	auto:refs	v1.0
F-pre-py5	refs	T-1.3.4	auto:refs	v1.0
F-pre-py6	refs	D-PY6.1.1	auto:refs	v1.0
F-pre-py6	refs	D-PY6.1.3	auto:refs	v1.0
F-pre-py6	refs	D-PY6.2.1	auto:refs	v1.0
F-pre-py6	refs	D-PY6.2.4	auto:refs	v1.0
F-pre-py6	refs	D-PY6.3.1	auto:refs	v1.0
F-pre-py6	refs	DOC-PY6	auto:refs	v1.0
F-tools-tag_graph	refs	DOC-STYLE	auto:refs	v1.0
F-tools-tag_graph	refs	DOC-TAGS	auto:refs	v1.0
N-01	refs	A-1.5.1	auto:refs	v1.0
N-01	refs	D-1.2.1	auto:refs	v1.0
N-01	refs	T-1.3.4	auto:refs	v1.0
N-02	refs	A-1.5.1	auto:refs	v1.0
N-02	refs	Cd-1.1.4	auto:refs	v1.0
N-02	refs	D-1.1.3	auto:refs	v1.0
N-03	refs	DOC-3	auto:refs	v1.0
N-04	refs	DOC-3	auto:refs	v1.0
N-04	refs	DOC-5	auto:refs	v1.0
N-05	refs	DOC-3	auto:refs	v1.0
N-05	refs	DOC-6	auto:refs	v1.0
N-06	refs	DOC-5	auto:refs	v1.0
N-07	refs	DOC-4	auto:refs	v1.0
N-08	refs	DOC-5	auto:refs	v1.0
N-08	refs	DOC-6	auto:refs	v1.0
N-09	refs	DOC-PT	auto:refs	v1.0
N-10	refs	DOC-SFT	auto:refs	v1.0
N-11	refs	DOC-VH	auto:refs	v1.0
N-12	refs	DOC-LORA	auto:refs	v1.0
N-13	refs	DOC-RL	auto:refs	v1.0
N-14	refs	DOC-RL	auto:refs	v1.0
N-15	refs	DOC-MCTS	auto:refs	v1.0
N-16	refs	DOC-MCTS	auto:refs	v1.0
N-17	refs	DOC-V11	auto:refs	v1.0
N-18	refs	D-PY1.1.1	auto:refs	v1.0
N-18	refs	D-PY1.2.1	auto:refs	v1.0
N-18	refs	D-PY1.3.6	auto:refs	v1.0
N-18	refs	D-PY1.4.1	auto:refs	v1.0
N-18	refs	D-PY1.5.5	auto:refs	v1.0
N-18	refs	D-PY1.6.3	auto:refs	v1.0
N-18	refs	Ex-PY1.8.2	auto:refs	v1.0
N-18	refs	Ex-PY1.8.3	auto:refs	v1.0
N-18	refs	Ex-PY1.8.5	auto:refs	v1.0
N-18	refs	Ex-PY1.8.7	auto:refs	v1.0
N-18	refs	R-PY1.3.7	auto:refs	v1.0
N-19	refs	D-PY2.3.1	auto:refs	v1.0
N-19	refs	D-PY2.3.3	auto:refs	v1.0
N-19	refs	D-PY2.5.3	auto:refs	v1.0
N-19	refs	P-PY2.2.3	auto:refs	v1.0
N-19	refs	P-PY2.2.4	auto:refs	v1.0
N-19	refs	P-PY2.8.3	auto:refs	v1.0
N-20	refs	DOC-PY3	auto:refs	v1.0
N-20	refs	R-PY3.5.1	auto:refs	v1.0
N-21	refs	A-PY4.4.2	auto:refs	v1.0
N-21	refs	Cd-PY4.1.7	auto:refs	v1.0
N-21	refs	Cd-PY4.6.5	auto:refs	v1.0
N-21	refs	D-PY4.1.1	auto:refs	v1.0
N-21	refs	D-PY4.2.1	auto:refs	v1.0
N-21	refs	D-PY4.3.1	auto:refs	v1.0
N-21	refs	D-PY4.5.1	auto:refs	v1.0
N-21	refs	D-PY4.7.1	auto:refs	v1.0
N-21	refs	Ex-PY4.9.1	auto:refs	v1.0
N-21	refs	Ex-PY4.9.3	auto:refs	v1.0
N-21	refs	R-PY4.2.7	auto:refs	v1.0
N-21	refs	R-PY4.3.6	auto:refs	v1.0
N-21	refs	R-PY4.4.6	auto:refs	v1.0
N-21	refs	R-PY4.5.5	auto:refs	v1.0
N-21	refs	R-PY4.6.1	auto:refs	v1.0
N-21	refs	R-PY4.7.5	auto:refs	v1.0
N-22	refs	A-PY5.7.1	auto:refs	v1.0
N-22	refs	Cd-1.1.4	auto:refs	v1.0
N-22	refs	D-1.1.3	auto:refs	v1.0
N-22	refs	D-1.2.4	auto:refs	v1.0
N-22	refs	D-1.2.5	auto:refs	v1.0
N-22	refs	D-PY5.1.1	auto:refs	v1.0
N-22	refs	D-PY5.5.1	auto:refs	v1.0
N-22	refs	D-PY5.6.2	auto:refs	v1.0
N-22	refs	Ex-PY5.10.1	auto:refs	v1.0
N-22	refs	Ex-PY5.10.6	auto:refs	v1.0
N-22	refs	R-PY5.2.5	auto:refs	v1.0
N-22	refs	R-PY5.3.4	auto:refs	v1.0
N-22	refs	R-PY5.8.1	auto:refs	v1.0
N-22	refs	R-PY5.8.5	auto:refs	v1.0
N-22	refs	T-1.3.4	auto:refs	v1.0
N-23	refs	D-PY6.1.1	auto:refs	v1.0
N-23	refs	D-PY6.1.3	auto:refs	v1.0
N-23	refs	D-PY6.2.1	auto:refs	v1.0
N-23	refs	D-PY6.2.4	auto:refs	v1.0
N-23	refs	D-PY6.3.1	auto:refs	v1.0
N-23	refs	D-PY6.3.5	auto:refs	v1.0
N-23	refs	DOC-PY6	auto:refs	v1.0
N-23	refs	R-PY6.1.2	auto:refs	v1.0
N-23	refs	R-PY6.1.4	auto:refs	v1.0
